Metric,Value
ADF Statistic,-4.416136761430769
P-Value,0.00027791039276670623
