Model,MAE,RMSE,MAPE,R2 Score,Forecast Month 1,Forecast Month 2,Forecast Month 3
SARIMA,19244.49,19950.07,20.53,-0.2398,60331.79210441765,91458.22022110649,97167.57095010891
