Total Sales,Average Order Value,Sales Volatility,Growth Rate
0.35205888045156425,2.5611909205014234,1.7787289974105684,0.31127657919183016
-0.7880569970228204,-0.5139616345593038,-0.8681171259717032,-0.28531272901189003
1.0797965787499164,-0.1178434621125792,0.6030992266834603,-0.3274312051926037
-0.8784412572200637,-0.30362799185294354,-0.23111634714827547,3.62453590486708
