Model,MAE,RMSE,MAPE,R2 Score,Forecast Month 1,Forecast Month 2,Forecast Month 3
SARIMA,19244.49,19950.07,20.53,-0.2398,60331.79210441765,91458.22022110649,97167.57095010891
Prophet,20250.79,22318.41,21.86,-0.5517,51318.94385792161,90325.65478355478,90041.08447929296
XGBoost,24022.99,24271.94,26.3,-0.8352,63410.0625,84153.21875,67095.6640625
