Component,Explained Variance
PCA1,0.5720415608325905
PCA2,0.28805121455523613
